{
  "tombstone:tutorial/root": {
    "criteria": {
      "auto": "2023-07-09 17:15:12 -0300"
    },
    "done": true
  },
  "iceandfire:iceandfire/root": {
    "criteria": {
      "tick": "2023-07-09 17:15:12 -0300"
    },
    "done": true
  },
  "mowziesmobs:root": {
    "criteria": {
      "custom_test_name": "2023-07-09 17:15:12 -0300"
    },
    "done": true
  },
  "minecraft:adventure/adventuring_time": {
    "criteria": {
      "plains": "2023-07-09 17:15:12 -0300"
    },
    "done": false
  }
}